{"cameraMode":{"drawMode":0,"name":"Shaded","section":"Shading Mode"},"sceneLighting":false,"audioPlay":false,"sceneViewState":{"showFog":true,"showMaterialUpdate":false,"showSkybox":false,"showFlares":true,"showImageEffects":true,"showParticleSystems":true},"in2DMode":false,"pivot":{"x":0.8725466728210449,"y":-0.6948394775390625,"z":2.153282642364502},"rotation":{"x":0.2780359089374542,"y":0.3745255172252655,"z":-0.11830280721187592,"w":0.8767935037612915},"size":4.139400959014893,"orthographic":false}