{"cameraMode":{"drawMode":0,"name":"Shaded","section":"Shading Mode"},"sceneLighting":false,"audioPlay":false,"sceneViewState":{"showFog":true,"showMaterialUpdate":false,"showSkybox":false,"showFlares":true,"showImageEffects":true,"showParticleSystems":true},"in2DMode":false,"pivot":{"x":-30.969999313354493,"y":-3.0,"z":212.86000061035157},"rotation":{"x":0.16144300997257234,"y":0.6527067422866821,"z":-0.14456164836883546,"w":0.7261889576911926},"size":0.8660253882408142,"orthographic":false}