{"cameraMode":{"drawMode":0,"name":"Shaded","section":"Shading Mode"},"sceneLighting":false,"audioPlay":false,"sceneViewState":{"showFog":true,"showMaterialUpdate":false,"showSkybox":false,"showFlares":true,"showImageEffects":true,"showParticleSystems":true},"in2DMode":false,"pivot":{"x":-11.935354232788086,"y":0.5368564128875732,"z":16.50360107421875},"rotation":{"x":-0.07215484976768494,"y":-0.20584720373153687,"z":0.015220549888908863,"w":-0.9758037328720093},"size":0.736909031867981,"orthographic":false}