{"cameraMode":{"drawMode":0,"name":"Shaded","section":"Shading Mode"},"sceneLighting":false,"audioPlay":false,"sceneViewState":{"showFog":true,"showMaterialUpdate":false,"showSkybox":false,"showFlares":true,"showImageEffects":true,"showParticleSystems":true},"in2DMode":false,"pivot":{"x":0.2178025245666504,"y":1.8635995388031006,"z":-0.07081961631774903},"rotation":{"x":0.05061516910791397,"y":0.3935736119747162,"z":-0.02122589759528637,"w":0.9178370237350464},"size":1.7251582145690919,"orthographic":false}