{"cameraMode":{"drawMode":0,"name":"Shaded","section":"Shading Mode"},"sceneLighting":false,"audioPlay":false,"sceneViewState":{"showFog":true,"showMaterialUpdate":false,"showSkybox":false,"showFlares":true,"showImageEffects":true,"showParticleSystems":true},"in2DMode":false,"pivot":{"x":15.03836727142334,"y":1.3088395595550538,"z":17.588417053222658},"rotation":{"x":-0.07215484976768494,"y":-0.20584720373153687,"z":0.015220549888908863,"w":-0.9758037328720093},"size":1.6959420442581177,"orthographic":false}