{"cameraMode":{"drawMode":0,"name":"Shaded","section":"Shading Mode"},"sceneLighting":false,"audioPlay":false,"sceneViewState":{"showFog":true,"showMaterialUpdate":false,"showSkybox":false,"showFlares":true,"showImageEffects":true,"showParticleSystems":true},"in2DMode":false,"pivot":{"x":-0.48146355152130129,"y":1.1723690032958985,"z":-1.7316268682479859},"rotation":{"x":0.16711968183517457,"y":0.4459553062915802,"z":-0.08461946249008179,"w":0.8754264116287231},"size":1.7653300762176514,"orthographic":false}