{"cameraMode":{"drawMode":0,"name":"Shaded","section":"Shading Mode"},"sceneLighting":true,"audioPlay":false,"sceneViewState":{"m_AlwaysRefresh":false,"showFog":true,"showSkybox":true,"showFlares":true,"showImageEffects":true,"showParticleSystems":true,"showVisualEffectGraphs":true,"m_FxEnabled":true},"in2DMode":false,"pivot":{"x":1031.669677734375,"y":298.13519287109377,"z":-383.9683837890625},"rotation":{"x":0.018844256177544595,"y":-0.30834513902664187,"z":0.006106154527515173,"w":0.9510936737060547},"size":189.51116943359376,"orthographic":false}